,user
0,AAE0190
1,AAF0535
2,AAF0791
3,AAL0706
4,AAM0658
5,AAN0823
6,AAS0442
7,AAV0450
8,AAW0353
9,ABC0174
10,ABC0253
11,ABH0663
12,ABM0845
13,ABN0239
14,ACC0042
15,ACV0812
16,ADC0391
17,ADD0846
18,ADF0397
19,AES0827
20,AGB0186
21,AGB0643
22,AHC0142
23,AHD0848
24,AHG0634
25,AHM0410
26,AIB0948
27,AIH0675
28,AIM0627
29,AIP0394
30,AIP0982
31,AIS0405
32,AJC0840
33,AJD0074
34,AJF0370
35,AJH0175
36,AJL0462
37,AJN0607
38,AJP0723
39,AJR0319
40,AJR0932
41,AKC0924
42,AKF0709
43,AKH0758
44,AKK0329
45,AKR0057
46,AKW0167
47,ALB0892
48,ALC0788
49,ALD0529
50,ALD0544
51,ALH0402
52,AMD0077
53,AMH0464
54,AMH0794
55,AMJ0297
56,AMM0014
57,AMR0318
58,AMR0400
59,AMV0036
60,AMW0392
61,ANM0123
62,ANP0555
63,ANT0430
64,AOB0019
65,AOK0844
66,AOS0987
67,APG0307
68,AQD0820
69,ARA0252
70,ARB0834
71,ARB0881
72,ARD0509
73,ARL0034
74,ASB0796
75,ASD0577
76,ASG0048
77,ASG0692
78,ASL0378
79,ASM0575
80,ASS0206
81,ASS0517
82,ASV0946
83,ATE0869
84,ATF0274
85,ATP0662
86,AVM0947
87,AWM0764
88,BAH0875
89,BAJ0654
90,BAK0964
91,BAL0044
92,BAM0611
93,BAM0636
94,BBG0325
95,BBH0810
96,BBS0039
97,BBS0422
98,BCB0679
99,BCM0653
100,BCR0581
101,BDB0453
102,BDI0533
103,BDV0168
104,BEC0505
105,BEH0615
106,BER0314
107,BHC0665
108,BHW0458
109,BIH0745
110,BIS0247
111,BJH0354
112,BJH0811
113,BJM0111
114,BJP0134
115,BJW0619
116,BKW0374
117,BLB0114
118,BLL0929
119,BLS0678
120,BMC0547
121,BMG0917
122,BMM0112
123,BMS0877
124,BMT0528
125,BNG0237
126,BNR0965
127,BQS0525
128,BRB0355
129,BRM0995
130,BRS0734
131,BSA0431
132,BSB0990
133,BSH0445
134,BSS0369
135,BSS0463
136,BTL0226
137,BTL0722
138,BTN0061
139,BTR0403
140,BTS0011
141,BTW0005
142,BVC0790
143,BVN0514
144,BWH0813
145,BWP0202
146,BXJ0010
147,BYP0070
148,CAA0612
149,CAB0388
150,CAB0614
151,CAC0889
152,CAH0936
153,CAM0102
154,CAM0681
155,CAN0842
156,CAS0507
157,CBB0365
158,CBG0398
159,CBG0490
160,CCA0046
161,CCC0393
162,CCH0182
163,CCH0685
164,CCL0068
165,CCM0136
166,CCM0467
167,CCM0855
168,CCR0863
169,CCW0031
170,CCW0524
171,CEB0210
172,CEJ0109
173,CEL0561
174,CFG0959
175,CFM0767
176,CFW0264
177,CGA0629
178,CGB0637
179,CGF0337
180,CHG0146
181,CHM0821
182,CIG0052
183,CIM0271
184,CIM0926
185,CJC0494
186,CJF0802
187,CJG0470
188,CJH0702
189,CJK0200
190,CJM0138
191,CJM0521
192,CJP0952
193,CJV0286
194,CKB0427
195,CKB0482
196,CKD0680
197,CKH0144
198,CKP0721
199,CLB0774
200,CLD0894
201,CLF0852
202,CLH0703
203,CLS0296
204,CMB0912
205,CMM0487
206,CMS0454
207,CMW0783
208,CNB0900
209,CNE0352
210,CNM0800
211,COF0120
212,COM0321
213,CPG0322
214,CQH0701
215,CQH0730
216,CQW0652
217,CRD0624
218,CRK0916
219,CRO0027
220,CRP0456
221,CSB0080
222,CSC0217
223,CSH0626
224,CSJ0340
225,CSL0949
226,CSP0197
227,CTA0020
228,CTR0341
229,CTR0697
230,CTW0500
231,CUD0795
232,CWB0065
233,CWR0502
234,CXC0336
235,CYA0506
236,DAG0558
237,DAL0673
238,DAR0885
239,DBB0384
240,DBG0261
241,DBS0235
242,DBW0483
243,DCC0160
244,DCH0843
245,DDA0476
246,DDM0579
247,DEB0782
248,DFH0188
249,DFR0218
250,DGF0443
251,DGM0754
252,DGN0480
253,DGW0752
254,DHM0937
255,DIB0081
256,DIB0285
257,DIC0988
258,DID0650
259,DIW0118
260,DJB0159
261,DJS0682
262,DKB0631
263,DLF0377
264,DLH0029
265,DLM0051
266,DLS0383
267,DMG0358
268,DMK0257
269,DMM0623
270,DOL0332
271,DOP0562
272,DPM0423
273,DPS0262
274,DRR0162
275,DRR0242
276,DSB0731
277,DSM0591
278,DTP0379
279,DTT0076
280,DVM0265
281,DVW0103
282,DZC0228
283,EAH0466
284,EBC0390
285,ECF0828
286,ECL0930
287,ECR0822
288,EDA0684
289,EDB0714
290,EFS0882
291,EGD0132
292,EGD0409
293,EGK0893
294,EHB0420
295,EHB0824
296,EHD0584
297,EHR0096
298,EIM0156
299,EIP0997
300,EIS0041
301,EJW0884
302,ELB0847
303,ELH0960
304,ELT0769
305,EMB0531
306,EMS0317
307,EMW0105
308,EMW0772
309,ENC0234
310,ENL0100
311,EPW0434
312,ERH0449
313,ESA0642
314,ESH0135
315,ESH0283
316,ESJ0670
317,ESR0693
318,ETR0177
319,ETR0428
320,EWH0191
321,EZH0736
322,EZT0640
323,FAW0032
324,FBA0348
325,FBW0747
326,FDE0117
327,FEB0306
328,FFC0891
329,FGW0853
330,FHO0630
331,FHS0837
332,FIR0920
333,FKB0163
334,FKK0055
335,FLM0213
336,FMG0527
337,FOB0756
338,FPC0954
339,FQA0854
340,FRB0023
341,FRL0511
342,FRR0832
343,FSB0399
344,FSC0601
345,FTM0406
346,FUM0015
347,FWM0707
348,FXF0957
349,GAF0060
350,GAF0570
351,GBM0603
352,GCC0744
353,GCC0945
354,GCG0951
355,GCL0016
356,GCR0554
357,GCS0518
358,GCS0571
359,GDF0704
360,GHH0288
361,GHL0460
362,GJD0298
363,GJT0386
364,GKO0078
365,GLR0975
366,GMF0738
367,GNS0178
368,GNZ0953
369,GOK0238
370,GQF0659
371,GQP0743
372,GRC0145
373,GRM0868
374,GTD0116
375,GTD0219
376,GTD0898
377,GZB0469
378,GZC0735
379,HAC0282
380,HAD0246
381,HAH0248
382,HAH0760
383,HAM0985
384,HAV0121
385,HBB0056
386,HBO0413
387,HCC0344
388,HCL0113
389,HCL0651
390,HCM0267
391,HCS0003
392,HCV0478
393,HCW0419
394,HDD0789
395,HDD0806
396,HDH0928
397,HDJ0446
398,HDL0748
399,HDS0367
400,HFB0347
401,HGG0240
402,HGH0595
403,HGN0287
404,HIA0414
405,HIW0536
406,HJA0018
407,HJB0742
408,HJS0072
409,HKB0418
410,HKF0831
411,HKI0171
412,HKR0628
413,HLH0512
414,HLM0933
415,HMM0108
416,HMW0713
417,HOB0994
418,HPH0075
419,HPM0986
420,HPR0585
421,HRB0351
422,HRD0635
423,HRL0540
424,HRW0550
425,HSB0196
426,HSD0457
427,HSG0818
428,HSP0290
429,HTF0641
430,HTH0007
431,HVB0037
432,HVF0067
433,HWH0646
434,HWM0342
435,HWW0436
436,HWY0038
437,HXL0968
438,IAR0694
439,IAT0263
440,IBB0359
441,IBB0696
442,IBM0671
443,IBP0883
444,IBS0836
445,ICH0294
446,ICS0956
447,IDO0176
448,IEB0153
449,IHK0841
450,IIA0092
451,IIL0513
452,IIW0249
453,IJM0139
454,IJM0444
455,IJM0776
456,IJR0825
457,IJW0851
458,IKP0472
459,IKR0401
460,ILC0838
461,ILH0958
462,ILJ0526
463,ILR0304
464,IMB0481
465,IMG0320
466,IMP0530
467,IRM0931
468,IRT0491
469,IUB0565
470,IUY0279
471,IWM0816
472,IYB0918
473,JAD0609
474,JAJ0849
475,JAM0382
476,JAV0361
477,JBD0616
478,JBM0350
479,JCC0225
480,JCG0316
481,JCR0172
482,JCR0289
483,JCR0770
484,JCR0921
485,JCV0245
486,JCW0858
487,JDB0169
488,JDC0030
489,JDF0593
490,JER0404
491,JFC0557
492,JFC0757
493,JGM0934
494,JGT0221
495,JHP0583
496,JIG0128
497,JIM0095
498,JJB0127
499,JJB0700
500,JJH0292
501,JJH0613
502,JJM0203
503,JKB0126
504,JKF0465
505,JKJ0698
506,JKM0303
507,JLM0364
508,JLW0053
509,JMB0308
510,JMC0925
511,JMD0520
512,JMH0543
513,JMK0099
514,JML0909
515,JMW0638
516,JNA0559
517,JNJ0556
518,JOL0024
519,JOM0750
520,JPA0667
521,JPW0741
522,JRF0835
523,JRG0207
524,JRH0455
525,JRL0574
526,JRS0362
527,JSA0775
528,JSH0330
529,JTM0223
530,JTS0389
531,JXH0493
532,JZD0888
533,KAC0124
534,KAL0395
535,KAT0270
536,KAT0489
537,KBB0189
538,KBC0054
539,KBG0549
540,KBL0260
541,KBP0008
542,KBS0874
543,KCB0815
544,KCF0045
545,KCO0122
546,KCS0173
547,KDS0349
548,KDT0346
549,KES0729
550,KJA0152
551,KJG0910
552,KJJ0293
553,KJM0887
554,KJP0371
555,KJS0618
556,KJW0416
557,KKC0683
558,KKS0119
559,KKW0879
560,KLH0596
561,KLM0639
562,KMB0922
563,KMS0657
564,KMW0545
565,KNB0022
566,KNG0672
567,KNW0644
568,KPC0073
569,KPP0452
570,KPR0497
571,KQC0708
572,KQS0415
573,KRG0158
574,KRL0062
575,KRL0501
576,KRM0541
577,KRV0372
578,KSH0569
579,KSP0357
580,KSP0966
581,KTG0091
582,KVS0425
583,KVT0028
584,KWC0004
585,KWE0082
586,LAF0991
587,LAM0911
588,LAP0338
589,LBC0356
590,LBF0214
591,LBH0942
592,LCB0664
593,LCC0819
594,LCD0622
595,LDB0090
596,LDD0560
597,LDG0459
598,LDM0587
599,LEM0605
600,LFS0071
601,LHB0606
602,LHB0967
603,LHL0309
604,LHN0151
605,LIM0674
606,LJB0826
607,LJJ0905
608,LJR0523
609,LJT0817
610,LLV0602
611,LMF0980
612,LNR0656
613,LNS0989
614,LOF0311
615,LOM0086
616,LPC0492
617,LPH0572
618,LQC0479
619,LQP0508
620,LRR0148
621,LRW0970
622,LTS0860
623,LUR0896
624,MAD0496
625,MAD0753
626,MAE0331
627,MAH0149
628,MAH0864
629,MAR0955
630,MAS0025
631,MAW0166
632,MBG0438
633,MBJ0312
634,MBR0724
635,MBW0809
636,MCD0125
637,MCF0327
638,MCF0600
639,MCJ0324
640,MCS0035
641,MCT0720
642,MDH0580
643,MDH0686
644,MDM0625
645,MDM0976
646,MES0407
647,MFV0897
648,MGS0974
649,MHA0798
650,MHG0244
651,MHG0733
652,MHH0180
653,MIB0904
654,MIC0726
655,MIL0255
656,MIM0712
657,MJB0588
658,MJM0510
659,MJS0890
660,MKG0711
661,MKL0941
662,MKP0861
663,MKS0204
664,MKW0441
665,MLD0755
666,MLG0475
667,MLL0598
668,MLM0950
669,MLP0668
670,MMB0488
671,MMG0943
672,MNC0717
673,MNR0829
674,MNS0224
675,MOH0273
676,MOP0763
677,MOS0047
678,MPM0220
679,MPT0376
680,MSD0939
681,MSG0839
682,MSH0040
683,MSO0222
684,MSS0001
685,MSZ0310
686,MTB0620
687,MTT0901
688,MVB0515
689,MVF0594
690,MVH0373
691,MYD0978
692,NAB0801
693,NAB0903
694,NAF0033
695,NAF0326
696,NAH0503
697,NAR0981
698,NBC0412
699,NBH0256
700,NCE0097
701,NCH0179
702,NCK0295
703,NCK0421
704,NCO0666
705,NDM0417
706,NGC0058
707,NGF0157
708,NGO0690
709,NHE0919
710,NHH0185
711,NIH0969
712,NJB0243
713,NJC0705
714,NKH0807
715,NKH0979
716,NKP0236
717,NLO0131
718,NMB0972
719,NMC0486
720,NMF0780
721,NMG0766
722,NMS0280
723,NNA0610
724,NNS0059
725,NOB0181
726,NRD0548
727,NRF0137
728,NRO0768
729,NSC0597
730,NSS0876
731,NUL0471
732,NWK0215
733,NWT0098
734,OBH0499
735,OCB0805
736,OCS0865
737,OHC0973
738,OJK0233
739,OKB0439
740,OKC0107
741,OLB0749
742,OLF0504
743,OLW0689
744,OMM0944
745,OMS0101
746,ONL0276
747,ONW0083
748,OQH0183
749,ORB0473
750,ORG0339
751,ORM0669
752,OSH0655
753,OYM0026
754,PAD0773
755,PBP0002
756,PDH0716
757,PDW0259
758,PES0085
759,PEV0323
760,PGC0066
761,PGH0184
762,PGO0433
763,PID0426
764,PIS0522
765,PKB0281
766,PKB0429
767,PLH0715
768,PLH0862
769,PMC0328
770,PMJ0564
771,PMV0850
772,PNH0761
773,PNL0301
774,POB0343
775,PPF0435
776,PRM0740
777,PSF0133
778,PTH0552
779,PTH0830
780,QCH0110
781,QJR0688
782,QNF0205
783,QNP0216
784,QOS0878
785,QPM0727
786,QRM0739
787,QSV0778
788,RAB0589
789,RAG0275
790,RAH0440
791,RAM0447
792,RAR0725
793,RAS0432
794,RAW0915
795,RBB0485
796,RCC0617
797,RCP0785
798,RDM0115
799,RDM0150
800,RDT0424
801,RFP0380
802,RGG0064
803,RGH0728
804,RGN0408
805,RHC0335
806,RHL0992
807,RHO0732
808,RHP0484
809,RHY0079
810,RIH0777
811,RJB0088
812,RJM0381
813,RKD0604
814,RKF0164
815,RLB0719
816,RLG0856
817,RMS0266
818,RMW0542
819,RNF0765
820,RNL0695
821,RNP0211
822,ROB0272
823,RRA0938
824,RRC0553
825,RRP0568
826,RSC0089
827,RSM0277
828,RTO0313
829,RUM0880
830,RVC0232
831,RVF0201
832,RYB0718
833,RZC0746
834,SAA0999
835,SAB0781
836,SAC0592
837,SAC0687
838,SAH0599
839,SAK0375
840,SAP0867
841,SAT0194
842,SBD0913
843,SBH0537
844,SBK0161
845,SBN0495
846,SBN0866
847,SBN0971
848,SBQ0786
849,SCB0534
850,SCF0608
851,SCP0130
852,SDB0106
853,SDF0017
854,SDO0170
855,SED0886
856,SEJ0677
857,SER0165
858,SES0477
859,SGB0140
860,SGG0787
861,SGM0021
862,SGS0268
863,SHR0334
864,SHW0578
865,SIJ0661
866,SJC0333
867,SJF0094
868,SJO0209
869,SJW0451
870,SKG0759
871,SLB0049
872,SLP0762
873,SLT0907
874,SMB0804
875,SMH0291
876,SMW0084
877,SMY0792
878,SNC0187
879,SNS0129
880,SOB0360
881,SOB0586
882,SOF0808
883,SOG0411
884,SPA0141
885,SRH0155
886,SRS0231
887,SSG0250
888,SSH0799
889,SSJ0784
890,SSR0278
891,SSS0345
892,SVL0803
893,SVL0940
894,SVS0871
895,SXM0895
896,TAC0300
897,TAP0551
898,TBT0461
899,TCD0009
900,TDG0962
901,TDJ0998
902,TDS0984
903,TEB0251
904,TEM0093
905,TEM0977
906,TET0621
907,THD0448
908,THR0873
909,TIW0299
910,TJB0302
911,TJD0996
912,TJG0582
913,TLH0648
914,TLK0993
915,TLM0797
916,TMA0069
917,TNM0961
918,TOR0193
919,TPH0474
920,TQS0212
921,TRK0914
922,TSB0437
923,TSG0906
924,TSM0363
925,TSM0927
926,TSR0676
927,TTD1000
928,TUC0632
929,TVS0006
930,TVS0050
931,TYB0779
932,UAD0771
933,UBF0645
934,UCH0519
935,UCS0227
936,UFK0208
937,UIR0043
938,UJC0737
939,USH0199
940,VAA0087
941,VCC0396
942,VCY0751
943,VEB0935
944,VFM0814
945,VIA0063
946,VLB0647
947,VMJ0147
948,VMJ0546
949,VSA0230
950,VSS0154
951,VTT0385
952,WAB0143
953,WAS0254
954,WBC0192
955,WBC0315
956,WDD0366
957,WDO0870
958,WDV0573
959,WGR0833
960,WGS0516
961,WIF0691
962,WIQ0567
963,WJD0576
964,WKD0013
965,WKF0012
966,WLV0566
967,WNB0908
968,WPE0538
969,WPR0368
970,WRM0963
971,WSR0241
972,WTF0387
973,WTR0563
974,WVB0539
975,WXH0872
976,XAA0104
977,XBN0229
978,XHG0902
979,XHW0498
980,XLB0710
981,XRS0633
982,XWD0923
983,YCE0983
984,YDN0198
985,YEV0793
986,YIC0195
987,YJF0532
988,YJV0699
989,YWW0660
990,ZCF0590
991,ZDW0859
992,ZFM0468
993,ZJE0857
994,ZJS0269
995,ZKS0899
996,ZMC0284
997,ZSB0649
998,ZSK0258
999,ZSL0305
